complaint_id,received_at,channel,region,product,product_version,complaint_text,priority,sentiment,customer_tier,first_response_minutes,resolution_hours,resolution_status,sla_breached,repeat_contact_count,escalation_flag,refund_amount,support_team,pii_present,source_system
CMP-202607-000071,2026-07-01T11:26:00+00:00,Mobile App,South,Refund Service,3.2,Refund delayed even after contacting support repeatedly.,high,very_negative,Standard,559,51.53,escalated,True,3,True,72.39,Refund Desk,False,CRM
CMP-202607-000037,2026-07-01T15:51:00+00:00,Web,Central,Refund Service,3.2,"My name is Nisha Rao. Email nisha.rao@example.com, phone +91 98624 62419. Account number CX00000037. Transaction ID TXN-20260737-5981. The reimbursement has not reached my account.",high,negative,Standard,156,26.11,resolved,True,3,True,41.77,Refund Desk,True,Portal
CMP-202607-000018,2026-07-02T03:15:00+00:00,Mobile App,East,Mobile Payments,6.4,A transaction failed in the mobile app and I cannot complete the purchase.,medium,negative,Standard,1023,57.79,pending,False,1,False,0.0,Payments Operations,False,CRM
CMP-202607-000036,2026-07-02T05:35:00+00:00,Email,East,Billing Platform,4.7,The statement shows a duplicate charge for one transaction.,critical,very_negative,Standard,58,3.4,escalated,False,1,True,137.2,Digital Support,False,Email
CMP-202607-000086,2026-07-02T08:54:00+00:00,Mobile App,North,Mobile App,6.4,A software bug causes an unexpected error on every attempt.,high,very_negative,Standard,68,14.48,escalated,False,3,True,0.0,Digital Support,False,Portal
CMP-202607-000078,2026-07-02T17:22:00+00:00,Email,North,Customer Portal,6.4,A possible data leak exposed account information in the portal.,high,negative,Standard,62,38.85,escalated,True,0,True,0.0,Digital Support,False,Chat
CMP-202607-000053,2026-07-03T07:02:00+00:00,Email,South,Mobile Payments,6.4,"My payment failed with a gateway timeout, but the money was debited.",high,negative,Standard,217,20.04,resolved,False,1,False,0.0,Payments Operations,False,Email
CMP-202607-000079,2026-07-03T15:20:00+00:00,Email,South,Customer Portal,6.4,I cannot login because the OTP never arrives.,medium,neutral,Standard,686,70.02,open,False,0,False,0.0,Account Services,False,Portal
CMP-202607-000050,2026-07-03T17:10:00+00:00,Mobile App,South,Refund Service,3.2,My refund is pending and I am still waiting for the money back.,high,very_negative,Standard,410,29.04,open,True,3,True,81.28,Refund Desk,False,Portal
CMP-202607-000003,2026-07-03T17:34:00+00:00,Mobile App,West,Customer Portal,6.4,"My name is Karan Singh. Email karan.singh@example.com, phone +91 98477 57650. Account number CX00000003. Transaction ID TXN-20260703-8554. Sign in fails with a token refresh error after the latest update.",medium,negative,Premium,954,15.44,open,False,3,True,0.0,Account Services,True,Chat
CMP-202607-000083,2026-07-04T01:47:00+00:00,Call Centre,Central,Mobile App,6.4,The screen freezes and the feature is unusable.,medium,negative,Premium,1733,85.53,escalated,True,0,True,0.0,Digital Support,False,Portal
CMP-202607-000065,2026-07-04T02:48:00+00:00,Email,West,Refund Service,3.2,"My name is Priya Sharma. Email priya.sharma@example.com, phone +91 98946 34992. Account number CX00000065. Transaction ID TXN-20260765-8957. The reimbursement has not reached my account.",medium,negative,Standard,1376,80.54,resolved,True,1,True,210.96,Refund Desk,True,Chat
CMP-202607-000099,2026-07-04T10:07:00+00:00,Chat,South,Refund Service,3.2,My refund is pending and I am still waiting for the money back.,medium,negative,Premium,1625,59.27,pending,True,3,True,195.06,Refund Desk,False,Chat
CMP-202607-000001,2026-07-04T10:32:00+00:00,Mobile App,West,Mobile App,6.4,The app crashes whenever I open the payment history.,high,very_negative,Standard,352,27.62,resolved,True,1,True,0.0,Digital Support,False,CRM
CMP-202607-000047,2026-07-05T00:06:00+00:00,Web,West,Refund Service,3.2,"My name is Priya Sharma. Email priya.sharma@example.com, phone +91 98866 19322. Account number CX00000047. Transaction ID TXN-20260747-9533. Refund delayed even after contacting support repeatedly.",medium,very_negative,Standard,335,68.06,pending,False,2,False,249.97,Refund Desk,True,Portal
CMP-202607-000028,2026-07-05T05:01:00+00:00,Chat,Central,Mobile App,6.4,The app crashes whenever I open the payment history.,medium,negative,Standard,220,38.18,open,False,0,False,0.0,Digital Support,False,Portal
CMP-202607-000027,2026-07-05T12:12:00+00:00,Email,South,Mobile App,6.4,The latest version has a broken feature and closes automatically.,high,very_negative,Standard,227,34.86,resolved,True,3,True,0.0,Digital Support,False,Call Centre
CMP-202607-000012,2026-07-05T18:33:00+00:00,Email,North,Customer Portal,6.4,Authentication keeps looping and I am unable to login.,high,very_negative,Standard,80,24.8,open,True,0,True,0.0,Account Services,False,Email
CMP-202607-000098,2026-07-05T20:09:00+00:00,Mobile App,Central,Mobile Payments,6.4,"My name is Arjun Mehta. Email arjun.mehta@example.com, phone +91 98578 13308. Account number CX00000098. Transaction ID TXN-20260798-6977. The payment error keeps repeating after I press confirm.",medium,negative,Standard,180,39.33,resolved,False,2,False,0.0,Payments Operations,True,Portal
CMP-202607-000042,2026-07-05T22:32:00+00:00,Email,Central,Mobile Payments,6.4,"My payment failed with a gateway timeout, but the money was debited.",low,negative,Standard,3126,108.39,escalated,True,1,True,0.0,Payments Operations,False,Chat
CMP-202607-000094,2026-07-06T06:38:00+00:00,Chat,Central,Customer Portal,6.4,"My name is Priya Sharma. Email priya.sharma@example.com, phone +91 98959 26895. Account number CX00000094. Transaction ID TXN-20260794-8973. There may be unauthorized access to my personal information.",high,very_negative,Premium,96,23.46,resolved,False,0,False,0.0,Digital Support,True,Call Centre
CMP-202607-000080,2026-07-07T00:40:00+00:00,Mobile App,East,Customer Portal,6.4,This security incident needs immediate investigation.,high,very_negative,Premium,255,29.95,open,True,1,True,0.0,Digital Support,False,Chat
CMP-202607-000043,2026-07-07T05:15:00+00:00,Call Centre,East,Customer Portal,6.4,The app says account locked after a password reset.,critical,very_negative,Standard,83,7.94,escalated,True,1,True,0.0,Account Services,False,Chat
CMP-202607-000075,2026-07-07T10:10:00+00:00,Email,North,Customer Portal,6.3,The service is down and the system is unavailable for all users.,critical,very_negative,Standard,39,4.26,escalated,True,0,True,0.0,Digital Support,False,CRM
CMP-202607-000031,2026-07-07T14:14:00+00:00,Call Centre,South,Customer Portal,6.4,A possible data leak exposed account information in the portal.,critical,negative,Premium,90,3.67,resolved,True,0,True,0.0,Digital Support,False,Portal
CMP-202607-000092,2026-07-08T01:03:00+00:00,Call Centre,North,Customer Portal,6.4,"My name is Priya Sharma. Email priya.sharma@example.com, phone +91 98416 31844. Account number CX00000092. Transaction ID TXN-20260792-7390. There may be unauthorized access to my personal information.",medium,negative,Standard,493,69.93,pending,False,4,True,0.0,Digital Support,True,Call Centre
CMP-202607-000093,2026-07-08T01:05:00+00:00,Chat,West,Mobile App,6.4,"My name is Karan Singh. Email karan.singh@example.com, phone +91 98195 29628. Account number CX00000093. Transaction ID TXN-20260793-8360. The latest version has a broken feature and closes automatically.",medium,negative,Standard,1061,9.67,resolved,False,1,False,0.0,Digital Support,True,Call Centre
CMP-202607-000032,2026-07-09T14:16:00+00:00,Call Centre,East,Mobile Payments,6.4,The card was declined during checkout even though funds are available.,high,very_negative,Standard,199,42.21,escalated,True,1,True,0.0,Payments Operations,False,Chat
CMP-202607-000076,2026-07-09T17:14:00+00:00,Chat,Central,Customer Portal,6.4,Sign in fails with a token refresh error after the latest update.,medium,negative,Standard,317,75.58,escalated,True,0,True,0.0,Account Services,False,Email
CMP-202607-000035,2026-07-09T19:40:00+00:00,Email,Central,Refund Service,3.2,The refund was approved but not received after several days.,medium,negative,Standard,268,181.96,open,True,2,True,156.23,Refund Desk,False,Chat
CMP-202607-000011,2026-07-10T16:26:00+00:00,Web,South,Refund Service,3.2,The refund was approved but not received after several days.,medium,negative,Standard,685,72.55,escalated,True,3,True,134.25,Refund Desk,False,Email
CMP-202607-000052,2026-07-10T19:41:00+00:00,Chat,North,Mobile Payments,6.4,"My payment failed with a gateway timeout, but the money was debited.",critical,negative,Standard,84,2.17,escalated,True,1,True,0.0,Payments Operations,False,Chat
CMP-202607-000045,2026-07-10T23:23:00+00:00,Call Centre,North,Refund Service,3.2,The reimbursement has not reached my account.,medium,very_negative,Premium,1787,83.94,escalated,True,4,True,171.93,Refund Desk,False,CRM
CMP-202607-000034,2026-07-11T18:41:00+00:00,Chat,East,Billing Platform,4.7,The statement shows a duplicate charge for one transaction.,high,negative,Premium,292,16.87,escalated,True,0,True,49.0,Digital Support,False,Call Centre
CMP-202607-000020,2026-07-11T18:57:00+00:00,Chat,North,Mobile Payments,6.4,The card was declined during checkout even though funds are available.,critical,negative,Standard,41,3.66,pending,False,1,True,0.0,Payments Operations,False,Chat
CMP-202607-000038,2026-07-12T05:04:00+00:00,Email,Central,Mobile App,6.4,The screen freezes and the feature is unusable.,high,neutral,Standard,315,23.78,escalated,True,1,True,0.0,Digital Support,False,Email
CMP-202607-000089,2026-07-13T02:39:00+00:00,Email,East,Customer Portal,6.4,I cannot login because the OTP never arrives.,high,very_negative,Standard,45,6.64,open,False,3,True,0.0,Account Services,False,CRM
CMP-202607-000082,2026-07-13T03:45:00+00:00,Web,East,Mobile App,6.4,The app crashes whenever I open the payment history.,high,neutral,Enterprise,169,20.06,resolved,False,2,False,0.0,Digital Support,False,CRM
CMP-202607-000021,2026-07-13T07:49:00+00:00,Call Centre,Central,Customer Portal,6.4,"My name is Priya Sharma. Email priya.sharma@example.com, phone +91 98777 80953. Account number CX00000021. Transaction ID TXN-20260721-7502. The app says account locked after a password reset.",medium,negative,Enterprise,612,72.5,escalated,True,0,True,0.0,Account Services,True,Email
CMP-202607-000014,2026-07-13T09:11:00+00:00,Mobile App,West,Customer Portal,6.4,Authentication keeps looping and I am unable to login.,medium,negative,Premium,1759,42.09,escalated,True,1,True,0.0,Account Services,False,Portal
CMP-202607-000096,2026-07-13T15:26:00+00:00,Chat,North,Billing Platform,4.7,A billing error added an amount that I did not authorize.,high,negative,Standard,145,13.68,resolved,False,2,False,53.15,Digital Support,False,Email
CMP-202607-000064,2026-07-13T15:52:00+00:00,Call Centre,North,Mobile Payments,6.4,"My name is Priya Sharma. Email priya.sharma@example.com, phone +91 98203 25325. Account number CX00000064. Transaction ID TXN-20260764-4561. A transaction failed in the mobile app and I cannot complete the purchase.",high,negative,Standard,248,8.68,resolved,True,2,True,0.0,Payments Operations,True,CRM
CMP-202607-000063,2026-07-13T19:57:00+00:00,Chat,North,Mobile App,6.4,The screen freezes and the feature is unusable.,high,negative,Standard,238,17.54,resolved,False,2,False,0.0,Digital Support,False,Call Centre
CMP-202607-000070,2026-07-13T21:06:00+00:00,Call Centre,East,Mobile App,6.4,The latest version has a broken feature and closes automatically.,high,negative,Premium,276,26.21,escalated,True,1,True,0.0,Digital Support,False,Chat
CMP-202607-000048,2026-07-14T01:31:00+00:00,Chat,North,Customer Portal,6.4,The app says account locked after a password reset.,medium,negative,Standard,1294,47.06,resolved,False,1,False,0.0,Account Services,False,CRM
CMP-202607-000087,2026-07-14T02:07:00+00:00,Call Centre,South,Billing Platform,4.7,I was charged twice for the same order and need the duplicate charge reversed.,medium,negative,Standard,355,28.27,resolved,False,1,False,239.36,Digital Support,False,Portal
CMP-202607-000084,2026-07-14T13:35:00+00:00,Call Centre,West,Customer Portal,6.4,Authentication keeps looping and I am unable to login.,medium,negative,Enterprise,530,57.85,resolved,False,2,False,0.0,Account Services,False,Email
CMP-202607-000039,2026-07-14T16:54:00+00:00,Chat,Central,Refund Service,3.2,Refund delayed even after contacting support repeatedly.,medium,negative,Standard,1557,48.06,escalated,True,3,True,176.21,Refund Desk,False,Email
CMP-202607-000041,2026-07-15T05:11:00+00:00,Web,Central,Billing Platform,4.7,The invoice contains an incorrect charge and an unexpected fee.,high,negative,Standard,295,38.67,escalated,True,4,True,143.5,Digital Support,False,Portal
CMP-202607-000046,2026-07-15T14:22:00+00:00,Mobile App,Central,Refund Service,3.2,My refund is pending and I am still waiting for the money back.,high,negative,Standard,196,5.41,pending,False,4,True,211.79,Refund Desk,False,Portal
CMP-202607-000058,2026-07-15T18:07:00+00:00,Mobile App,East,Mobile Payments,6.4,The payment error keeps repeating after I press confirm.,high,negative,Standard,242,40.22,pending,True,1,True,0.0,Payments Operations,False,Portal
CMP-202607-000091,2026-07-15T22:33:00+00:00,Chat,North,Billing Platform,4.7,The statement shows a duplicate charge for one transaction.,medium,negative,Standard,908,77.99,escalated,True,3,True,77.19,Digital Support,False,Call Centre
CMP-202607-000023,2026-07-16T01:14:00+00:00,Web,South,Order Tracking,5.1,Delivery delayed and the mobile app displays the wrong courier status.,high,negative,Standard,229,40.14,pending,True,0,True,0.0,Logistics Support,False,Call Centre
CMP-202607-000029,2026-07-16T03:55:00+00:00,Mobile App,West,Customer Portal,6.3,The application has been unavailable during business hours.,medium,negative,Standard,1416,17.64,resolved,False,1,False,0.0,Digital Support,False,Portal
CMP-202607-000005,2026-07-16T04:30:00+00:00,Call Centre,East,Customer Portal,6.4,I suspect a privacy exposure because another customer's details appeared.,critical,negative,Standard,73,5.72,resolved,True,2,True,0.0,Digital Support,False,Call Centre
CMP-202607-000013,2026-07-16T22:43:00+00:00,Mobile App,West,Customer Portal,6.4,There may be unauthorized access to my personal information.,high,negative,Standard,309,38.0,open,True,0,True,0.0,Digital Support,False,CRM
CMP-202607-000068,2026-07-17T05:33:00+00:00,Call Centre,Central,Customer Portal,6.4,Sign in fails with a token refresh error after the latest update.,low,negative,Premium,1428,69.05,escalated,False,3,True,0.0,Account Services,False,Portal
CMP-202607-000049,2026-07-17T14:50:00+00:00,Call Centre,Central,Mobile Payments,6.4,A transaction failed in the mobile app and I cannot complete the purchase.,medium,negative,Premium,974,78.82,open,True,1,True,0.0,Payments Operations,False,Call Centre
CMP-202607-000077,2026-07-18T08:43:00+00:00,Call Centre,Central,Mobile Payments,6.4,The payment error keeps repeating after I press confirm.,medium,negative,Premium,474,70.33,resolved,False,1,False,0.0,Payments Operations,False,Call Centre
CMP-202607-000009,2026-07-19T17:59:00+00:00,Call Centre,East,Customer Portal,6.3,A complete outage is preventing access to the portal.,critical,negative,Standard,94,1.31,escalated,True,1,True,0.0,Digital Support,False,Call Centre
CMP-202607-000002,2026-07-20T02:07:00+00:00,Mobile App,East,Mobile Payments,6.4,"My payment failed with a gateway timeout, but the money was debited.",medium,very_negative,Standard,1493,48.2,escalated,True,1,True,0.0,Payments Operations,False,Portal
CMP-202607-000095,2026-07-20T03:58:00+00:00,Chat,West,Mobile Payments,6.4,"My payment failed with a gateway timeout, but the money was debited.",high,negative,Premium,286,35.3,escalated,True,1,True,0.0,Payments Operations,False,CRM
CMP-202607-000060,2026-07-20T10:41:00+00:00,Mobile App,West,Customer Portal,6.4,Sign in fails with a token refresh error after the latest update.,medium,negative,Standard,1192,87.6,escalated,True,2,True,0.0,Account Services,False,Call Centre
CMP-202607-000017,2026-07-21T20:06:00+00:00,Call Centre,North,Customer Portal,6.4,I cannot login because the OTP never arrives.,medium,negative,Standard,734,21.23,resolved,False,0,False,0.0,Account Services,False,CRM
CMP-202607-000019,2026-07-22T11:55:00+00:00,Email,East,Customer Portal,6.4,Sign in fails with a token refresh error after the latest update.,critical,negative,Standard,60,1.4,pending,False,2,True,0.0,Account Services,False,Chat
CMP-202607-000030,2026-07-22T14:58:00+00:00,Web,East,Refund Service,3.2,My refund is pending and I am still waiting for the money back.,medium,very_negative,Standard,1683,33.59,escalated,True,3,True,154.78,Refund Desk,False,Email
CMP-202607-000072,2026-07-22T19:34:00+00:00,Web,West,Customer Portal,6.4,"My name is Rahul Verma. Email rahul.verma@example.com, phone +91 98334 25276. Account number CX00000072. Transaction ID TXN-20260772-2094. Sign in fails with a token refresh error after the latest update.",high,negative,Enterprise,98,34.18,resolved,True,0,True,0.0,Account Services,True,Call Centre
CMP-202607-000074,2026-07-23T01:04:00+00:00,Web,West,Customer Portal,6.4,Authentication keeps looping and I am unable to login.,high,negative,Standard,120,33.81,open,True,1,True,0.0,Account Services,False,Email
CMP-202607-000100,2026-07-23T01:41:00+00:00,Web,East,Customer Portal,6.4,Authentication keeps looping and I am unable to login.,medium,negative,Standard,448,15.69,resolved,False,1,False,0.0,Account Services,False,Email
CMP-202607-000081,2026-07-23T13:03:00+00:00,Email,South,Refund Service,3.2,Refund delayed even after contacting support repeatedly.,medium,very_negative,Standard,610,53.5,resolved,False,2,False,175.44,Refund Desk,False,Chat
CMP-202607-000007,2026-07-23T15:29:00+00:00,Mobile App,West,Customer Portal,6.4,Authentication keeps looping and I am unable to login.,high,very_negative,Standard,62,35.59,open,True,1,True,0.0,Account Services,False,Email
CMP-202607-000006,2026-07-23T15:51:00+00:00,Call Centre,Central,Customer Portal,6.4,A possible data leak exposed account information in the portal.,critical,neutral,Enterprise,16,1.23,pending,False,2,True,0.0,Digital Support,False,Portal
CMP-202607-000062,2026-07-23T20:56:00+00:00,Email,West,Customer Portal,6.4,Sign in fails with a token refresh error after the latest update.,high,negative,Standard,359,23.23,escalated,True,2,True,0.0,Account Services,False,Chat
CMP-202607-000025,2026-07-23T23:06:00+00:00,Mobile App,Central,Mobile App,6.4,The screen freezes and the feature is unusable.,low,neutral,Premium,3089,92.37,pending,True,1,True,0.0,Digital Support,False,Email
CMP-202607-000073,2026-07-24T00:48:00+00:00,Mobile App,East,Billing Platform,4.7,A billing error added an amount that I did not authorize.,medium,very_negative,Standard,1799,73.09,escalated,True,0,True,94.79,Digital Support,False,Chat
CMP-202607-000040,2026-07-24T04:08:00+00:00,Mobile App,South,Billing Platform,4.7,I was charged twice for the same order and need the duplicate charge reversed.,high,negative,Standard,62,14.65,resolved,False,1,False,216.72,Digital Support,False,Email
CMP-202607-000085,2026-07-24T23:54:00+00:00,Mobile App,South,Billing Platform,4.7,The invoice contains an incorrect charge and an unexpected fee.,high,neutral,Standard,140,7.01,resolved,False,0,False,193.23,Digital Support,False,Chat
CMP-202607-000090,2026-07-25T00:37:00+00:00,Mobile App,South,Mobile App,6.4,"My name is Meera Iyer. Email meera.iyer@example.com, phone +91 98259 74585. Account number CX00000090. Transaction ID TXN-20260790-4290. The app crashes whenever I open the payment history.",medium,negative,Enterprise,538,11.18,resolved,False,1,False,0.0,Digital Support,True,Chat
CMP-202607-000057,2026-07-25T05:38:00+00:00,Chat,Central,Mobile App,6.4,"My name is Arjun Mehta. Email arjun.mehta@example.com, phone +91 98104 90346. Account number CX00000057. Transaction ID TXN-20260757-9641. The latest version has a broken feature and closes automatically.",critical,negative,Standard,54,2.03,escalated,False,3,True,0.0,Digital Support,True,CRM
CMP-202607-000010,2026-07-25T15:44:00+00:00,Chat,North,Order Tracking,5.1,Shipment tracking has not updated and the parcel is delayed.,medium,negative,Enterprise,358,86.58,escalated,True,3,True,0.0,Logistics Support,False,Call Centre
CMP-202607-000067,2026-07-26T03:44:00+00:00,Call Centre,Central,Mobile Payments,6.4,"My payment failed with a gateway timeout, but the money was debited.",critical,very_negative,Standard,96,1.58,escalated,True,0,True,0.0,Payments Operations,False,Call Centre
CMP-202607-000024,2026-07-26T15:57:00+00:00,Mobile App,North,Billing Platform,4.7,"My name is Rahul Verma. Email rahul.verma@example.com, phone +91 98257 73551. Account number CX00000024. Transaction ID TXN-20260724-1087. The invoice contains an incorrect charge and an unexpected fee.",high,negative,Premium,226,34.92,open,True,2,True,173.39,Digital Support,True,Email
CMP-202607-000016,2026-07-26T17:13:00+00:00,Email,West,Mobile Payments,6.4,The card was declined during checkout even though funds are available.,high,negative,Premium,333,14.19,escalated,True,0,True,0.0,Payments Operations,False,Email
CMP-202607-000015,2026-07-27T03:54:00+00:00,Chat,North,Mobile Payments,6.4,"My payment failed with a gateway timeout, but the money was debited.",low,negative,Standard,2884,57.6,open,True,2,True,0.0,Payments Operations,False,Call Centre
CMP-202607-000061,2026-07-27T06:19:00+00:00,Call Centre,Central,Mobile Payments,6.4,The card was declined during checkout even though funds are available.,high,negative,Premium,237,28.18,resolved,True,1,True,0.0,Payments Operations,False,Email
CMP-202607-000097,2026-07-27T23:26:00+00:00,Chat,Central,Customer Portal,6.4,The app says account locked after a password reset.,medium,very_negative,Premium,1439,78.41,escalated,True,2,True,0.0,Account Services,False,Portal
CMP-202607-000059,2026-07-28T10:52:00+00:00,Email,East,Mobile Payments,6.4,"My payment failed with a gateway timeout, but the money was debited.",high,negative,Standard,195,31.08,resolved,True,1,True,0.0,Payments Operations,False,Email
CMP-202607-000066,2026-07-29T02:28:00+00:00,Call Centre,South,Refund Service,3.2,Refund delayed even after contacting support repeatedly.,medium,negative,Standard,186,41.43,pending,False,2,False,46.15,Refund Desk,False,Chat
CMP-202607-000088,2026-07-30T05:36:00+00:00,Call Centre,Central,Mobile App,6.4,A software bug causes an unexpected error on every attempt.,high,negative,Standard,310,32.52,escalated,True,4,True,0.0,Digital Support,False,Email
CMP-202607-000004,2026-07-30T16:16:00+00:00,Email,Central,Customer Portal,6.3,Repeated downtime is blocking all transactions.,critical,very_negative,Premium,18,5.03,resolved,True,2,True,0.0,Digital Support,False,Chat
CMP-202607-000044,2026-07-30T17:38:00+00:00,Chat,West,Refund Service,3.2,The refund was approved but not received after several days.,high,negative,Standard,104,32.73,escalated,True,2,True,68.86,Refund Desk,False,Portal
CMP-202607-000033,2026-07-30T21:54:00+00:00,Mobile App,South,Order Tracking,5.1,Shipment tracking has not updated and the parcel is delayed.,high,negative,Premium,214,6.28,resolved,False,1,False,0.0,Logistics Support,False,Email
CMP-202607-000069,2026-07-31T08:19:00+00:00,Web,East,Mobile Payments,6.4,"My payment failed with a gateway timeout, but the money was debited.",high,negative,Standard,352,26.61,open,True,2,True,0.0,Payments Operations,False,Call Centre
CMP-202607-000056,2026-07-31T09:38:00+00:00,Mobile App,South,Order Tracking,5.1,Shipment tracking has not updated and the parcel is delayed.,medium,very_negative,Standard,1178,8.86,resolved,False,0,False,0.0,Logistics Support,False,Chat
CMP-202607-000008,2026-07-31T13:53:00+00:00,Email,West,Order Tracking,5.1,The order shows not delivered but there is no useful tracking status.,high,negative,Standard,234,7.67,resolved,False,2,False,0.0,Logistics Support,False,Chat
CMP-202607-000026,2026-07-31T16:06:00+00:00,Call Centre,South,Mobile Payments,6.4,A transaction failed in the mobile app and I cannot complete the purchase.,high,very_negative,Standard,203,5.58,resolved,False,2,False,0.0,Payments Operations,False,Portal
CMP-202607-000054,2026-07-31T18:55:00+00:00,Email,Central,Order Tracking,5.1,Delivery delayed and the mobile app displays the wrong courier status.,medium,negative,Premium,395,64.31,pending,False,1,False,0.0,Logistics Support,False,CRM
CMP-202607-000022,2026-07-31T20:37:00+00:00,Email,North,Mobile Payments,6.4,"My payment failed with a gateway timeout, but the money was debited.",medium,very_negative,Standard,1777,50.15,pending,True,2,True,0.0,Payments Operations,False,Email
CMP-202607-000051,2026-07-31T22:29:00+00:00,Email,North,Customer Portal,6.3,The service is down and the system is unavailable for all users.,high,negative,Standard,142,28.72,escalated,True,4,True,0.0,Digital Support,False,CRM
CMP-202607-000055,2026-07-31T22:31:00+00:00,Chat,North,Order Tracking,5.1,The order shows not delivered but there is no useful tracking status.,medium,very_negative,Standard,819,14.82,resolved,False,2,False,0.0,Logistics Support,False,Email
